{"cameraMode":{"drawMode":0,"name":"Shaded","section":"Shading Mode"},"sceneLighting":true,"audioPlay":false,"sceneViewState":{"showFog":true,"showMaterialUpdate":false,"showSkybox":true,"showFlares":true,"showImageEffects":true,"showParticleSystems":true,"showVisualEffectGraphs":true,"m_FxEnabled":true},"in2DMode":false,"pivot":{"x":1.3075308799743653,"y":-0.0761575698852539,"z":-1.0735468864440919},"rotation":{"x":-0.0681055337190628,"y":0.9273502826690674,"z":-0.20816202461719514,"w":-0.30340707302093508},"size":3.2806622982025148,"orthographic":false}